Ligand,Binding Affinity,rmsd/ub, rmsd/lb
P_Gallic_acid_uff_E=90.74,-6.5,0.0,0.0
P_Gallic_acid_uff_E=90.74,-6.3,5.065,2.579
P_Gallic_acid_uff_E=90.74,-6.2,2.438,0.344
P_Gallic_acid_uff_E=90.74,-6.2,5.533,2.584
P_Gallic_acid_uff_E=90.74,-6.1,7.693,5.99
P_Gallic_acid_uff_E=90.74,-6.0,9.189,6.702
P_Gallic_acid_uff_E=90.74,-6.0,9.181,7.328
P_Gallic_acid_uff_E=90.74,-6.0,9.058,7.278
P_Gallic_acid_uff_E=90.74,-5.9,7.854,5.908
P_4-Hydroxybenzoic_acid_uff_E=143.39,-6.1,0.0,0.0
P_4-Hydroxybenzoic_acid_uff_E=143.39,-6.1,4.253,2.758
P_4-Hydroxybenzoic_acid_uff_E=143.39,-5.9,3.514,2.461
P_4-Hydroxybenzoic_acid_uff_E=143.39,-5.9,4.462,1.224
P_4-Hydroxybenzoic_acid_uff_E=143.39,-5.8,3.251,2.454
P_4-Hydroxybenzoic_acid_uff_E=143.39,-5.7,4.383,2.048
P_4-Hydroxybenzoic_acid_uff_E=143.39,-5.7,4.594,0.956
P_4-Hydroxybenzoic_acid_uff_E=143.39,-5.5,6.368,3.176
P_4-Hydroxybenzoic_acid_uff_E=143.39,-5.5,2.3,1.872
P_Caffeic_acid_uff_E=94.59,-7.3,0.0,0.0
P_Caffeic_acid_uff_E=94.59,-6.8,6.074,1.552
P_Caffeic_acid_uff_E=94.59,-6.8,6.026,1.447
P_Caffeic_acid_uff_E=94.59,-6.7,2.067,1.627
P_Caffeic_acid_uff_E=94.59,-6.6,2.023,1.785
P_Caffeic_acid_uff_E=94.59,-6.6,2.01,0.991
P_Caffeic_acid_uff_E=94.59,-6.5,3.158,2.022
P_Caffeic_acid_uff_E=94.59,-6.5,6.729,2.527
P_Caffeic_acid_uff_E=94.59,-6.2,3.024,2.471
P_3-hydroxycinnamic_acid_uff_E=85.91,-7.0,0.0,0.0
P_3-hydroxycinnamic_acid_uff_E=85.91,-6.7,5.955,2.554
P_3-hydroxycinnamic_acid_uff_E=85.91,-6.6,5.689,1.787
P_3-hydroxycinnamic_acid_uff_E=85.91,-6.5,1.783,1.404
P_3-hydroxycinnamic_acid_uff_E=85.91,-6.4,5.508,1.893
P_3-hydroxycinnamic_acid_uff_E=85.91,-6.2,5.414,2.091
P_3-hydroxycinnamic_acid_uff_E=85.91,-6.0,2.868,2.271
P_3-hydroxycinnamic_acid_uff_E=85.91,-5.4,5.225,3.24
P_3-hydroxycinnamic_acid_uff_E=85.91,-5.3,3.872,2.894
P_Salicylic_acid_uff_E=96.14,-6.4,0.0,0.0
P_Salicylic_acid_uff_E=96.14,-6.2,3.457,1.977
P_Salicylic_acid_uff_E=96.14,-6.1,3.733,2.239
P_Salicylic_acid_uff_E=96.14,-6.0,2.269,1.77
P_Salicylic_acid_uff_E=96.14,-6.0,1.894,1.328
P_Salicylic_acid_uff_E=96.14,-5.8,2.514,0.979
P_Salicylic_acid_uff_E=96.14,-5.8,5.779,4.632
P_Salicylic_acid_uff_E=96.14,-5.7,4.308,3.48
P_Salicylic_acid_uff_E=96.14,-5.6,5.454,3.903
P_Ferulic_acid_uff_E=106.30,-6.9,0.0,0.0
P_Ferulic_acid_uff_E=106.30,-6.9,6.511,2.039
P_Ferulic_acid_uff_E=106.30,-6.8,2.166,1.82
P_Ferulic_acid_uff_E=106.30,-6.2,6.503,2.373
P_Ferulic_acid_uff_E=106.30,-5.8,2.305,1.566
P_Ferulic_acid_uff_E=106.30,-5.8,2.849,1.915
P_Ferulic_acid_uff_E=106.30,-5.7,6.17,1.923
P_Ferulic_acid_uff_E=106.30,-5.4,2.543,2.053
P_Ferulic_acid_uff_E=106.30,-5.4,5.788,3.732
P_Rutin_uff_E=705.49,-7.3,0.0,0.0
P_Rutin_uff_E=705.49,-6.8,7.483,3.248
P_Rutin_uff_E=705.49,-5.8,4.868,2.143
P_Rutin_uff_E=705.49,-5.8,8.322,2.164
P_Rutin_uff_E=705.49,-5.7,9.024,1.962
P_Rutin_uff_E=705.49,-5.6,9.028,2.559
P_Rutin_uff_E=705.49,-5.4,9.017,2.807
P_Rutin_uff_E=705.49,-5.2,4.684,2.405
P_Sinapic_acid_uff_E=132.83,-6.0,0.0,0.0
P_Sinapic_acid_uff_E=132.83,-5.9,1.67,1.493
P_Sinapic_acid_uff_E=132.83,-5.9,3.561,1.448
P_Sinapic_acid_uff_E=132.83,-5.7,5.766,2.685
P_Sinapic_acid_uff_E=132.83,-5.6,5.594,2.646
P_Sinapic_acid_uff_E=132.83,-5.1,3.057,2.299
P_Sinapic_acid_uff_E=132.83,-5.0,6.861,3.333
P_Sinapic_acid_uff_E=132.83,-5.0,6.019,2.777
P_Sinapic_acid_uff_E=132.83,-4.9,2.55,1.989
P_p-Coumaric_acid_uff_E=86.27,-6.9,0.0,0.0
P_p-Coumaric_acid_uff_E=86.27,-6.8,1.912,1.06
P_p-Coumaric_acid_uff_E=86.27,-6.6,5.984,1.377
P_p-Coumaric_acid_uff_E=86.27,-6.6,6.039,1.37
P_p-Coumaric_acid_uff_E=86.27,-6.6,2.025,1.378
P_p-Coumaric_acid_uff_E=86.27,-6.3,6.156,2.25
P_p-Coumaric_acid_uff_E=86.27,-5.9,5.755,1.2
P_p-Coumaric_acid_uff_E=86.27,-5.8,6.953,2.889
P_p-Coumaric_acid_uff_E=86.27,-5.6,5.789,2.28
P_Cinnamic_acid_uff_E=80.96,-6.4,0.0,0.0
P_Cinnamic_acid_uff_E=80.96,-6.4,3.085,1.824
P_Cinnamic_acid_uff_E=80.96,-6.3,5.4,3.2
P_Cinnamic_acid_uff_E=80.96,-6.2,5.699,3.911
P_Cinnamic_acid_uff_E=80.96,-6.1,3.874,2.604
P_Cinnamic_acid_uff_E=80.96,-6.1,2.059,1.954
P_Cinnamic_acid_uff_E=80.96,-6.0,2.646,1.849
P_Cinnamic_acid_uff_E=80.96,-5.8,5.314,3.582
P_Cinnamic_acid_uff_E=80.96,-5.8,3.26,2.032
P_Co-966C_uff_E=725.79,-9.9,0.0,0.0
P_Co-966C_uff_E=725.79,-9.1,3.211,1.962
P_Co-966C_uff_E=725.79,-9.0,2.847,1.776
P_Co-966C_uff_E=725.79,-8.4,2.111,1.727
P_Co-966C_uff_E=725.79,-8.3,3.341,1.964
P_Co-966C_uff_E=725.79,-8.2,3.645,2.07
P_Co-966C_uff_E=725.79,-8.1,3.036,1.858
P_Co-966C_uff_E=725.79,-8.1,2.78,1.881
P_Co-966C_uff_E=725.79,-7.6,3.48,2.085
P_co.,-9.7,0.0,0.0
P_co.,-8.9,3.678,2.13
P_co.,-8.8,3.13,1.969
P_co.,-8.4,3.128,1.65
P_co.,-8.2,3.678,2.285
P_co.,-7.8,3.265,1.647
P_co.,-7.5,7.763,3.083
P_co.,-7.4,5.325,3.812
P_co.,-7.2,2.842,1.872
